Sample,Replicate,Mismatch_Type,Total_Alt_Mismatch,Total_Replicate_Depth,Mismatch_Error_Rate
N2,1,A>C,178,49411,0.0036024367043775677
N2,1,A>G,197,49411,0.003986966464957196
N2,1,A>T,148,49411,0.0029952844508307867
N2,1,C>A,83,49411,0.0016797879014794276
N2,1,C>G,379,49411,0.007670356803141001
N2,1,C>T,113,49411,0.0022869401550262088
N2,1,G>A,240,49411,0.004857218028374248
N2,1,G>C,373,49411,0.007548926352431645
N2,1,G>T,50,49411,0.0010119204225779684
N2,1,T>A,123,49411,0.0024893242395418024
N2,1,T>C,223,49411,0.00451316508469774
N2,1,T>G,159,49411,0.0032179069437979395
N2,2,A>C,192,81132,0.00236651382931519
N2,2,A>G,206,81132,0.0025390721293694226
N2,2,A>T,355,81132,0.004375585465660898
N2,2,C>A,147,81132,0.0018118621505694424
N2,2,C>G,474,81132,0.005842331016121876
N2,2,C>T,172,81132,0.0021200019720948576
N2,2,G>A,190,81132,0.0023418626435931567
N2,2,G>C,522,81132,0.006433959473450673
N2,2,G>T,100,81132,0.0012325592861016615
N2,2,T>A,511,81132,0.00629837795197949
N2,2,T>C,268,81132,0.0033032588867524526
N2,2,T>G,502,81132,0.006187447616230341
N2,3,A>C,175,56720,0.0030853314527503526
N2,3,A>G,385,56720,0.006787729196050776
N2,3,A>T,142,56720,0.0025035260930888576
N2,3,C>A,85,56720,0.001498589562764457
N2,3,C>G,384,56720,0.006770098730606488
N2,3,C>T,549,56720,0.009679125528913963
N2,3,G>A,214,56720,0.003772919605077574
N2,3,G>C,425,56720,0.0074929478138222845
N2,3,G>T,132,56720,0.00232722143864598
N2,3,T>A,119,56720,0.0020980253878702397
N2,3,T>C,276,56720,0.004866008462623413
N2,3,T>G,161,56720,0.0028385049365303246
PRDE1,1,A>C,229,58484,0.003915600848095205
PRDE1,1,A>G,402,58484,0.006873674851241365
PRDE1,1,A>T,158,58484,0.002701593598249094
PRDE1,1,C>A,118,58484,0.002017645851856918
PRDE1,1,C>G,266,58484,0.004548252513507968
PRDE1,1,C>T,618,58484,0.010566992681759113
PRDE1,1,G>A,879,58484,0.01502975172696806
PRDE1,1,G>C,352,58484,0.0060187401682511455
PRDE1,1,G>T,84,58484,0.0014362902674235688
PRDE1,1,T>A,130,58484,0.002222830175774571
PRDE1,1,T>C,229,58484,0.003915600848095205
PRDE1,1,T>G,170,58484,0.0029067779221667463
PRDE1,2,A>C,135,57681,0.0023404587299110627
PRDE1,2,A>G,268,57681,0.004646243997156776
PRDE1,2,A>T,148,57681,0.0025658362372358314
PRDE1,2,C>A,72,57681,0.0012482446559525667
PRDE1,2,C>G,301,57681,0.0052183561311350355
PRDE1,2,C>T,167,57681,0.002895234132556648
PRDE1,2,G>A,929,57681,0.016105823408054644
PRDE1,2,G>C,465,57681,0.00806158006969366
PRDE1,2,G>T,87,57681,0.0015082956259426848
PRDE1,2,T>A,131,57681,0.0022711118045803643
PRDE1,2,T>C,282,57681,0.004888958235814219
PRDE1,2,T>G,163,57681,0.0028258872072259495
PRDE1,3,A>C,245,59655,0.004106948285977705
PRDE1,3,A>G,280,59655,0.00469365518397452
PRDE1,3,A>T,191,59655,0.003201743357639762
PRDE1,3,C>A,138,59655,0.0023133014835302994
PRDE1,3,C>G,403,59655,0.006755510854077613
PRDE1,3,C>T,236,59655,0.003956080797921382
PRDE1,3,G>A,858,59655,0.014382700528036209
PRDE1,3,G>C,445,59655,0.007459559131673791
PRDE1,3,G>T,68,59655,0.0011398876875366691
PRDE1,3,T>A,184,59655,0.003084401978040399
PRDE1,3,T>C,224,59655,0.003754924147179616
PRDE1,3,T>G,212,59655,0.003553767496437851
